{
  "status": "completed",
  "algorithm": "Dueling Double DQN + Prioritized Experience Replay",
  "device": "cpu",
  "servers": 3,
  "trained_episodes": 100,
  "dataset": {
    "source": "uploaded",
    "filename": "invocations_per_function_md.anon.d12.csv",
    "trace_points": 1440
  },
  "model": {
    "checkpoint_path": "models/rl_agent_demo.pt",
    "best_episode": 60,
    "best_checkpoint_eval_latency_ms": 169.90269470214844,
    "note": "The returned/evaluated agent is reloaded from its best checkpoint, selected via a small clean (deterministic, multi-episode) evaluation run periodically during training -- not from raw training-episode data, which still has exploration noise mixed in. 'rl_agent' below is a separate, more thorough evaluation of that same checkpoint, so it may differ slightly."
  },
  "baselines": {
    "Round Robin": {
      "avg_latency": 182.7344970703125,
      "avg_utilization": 0.9195114970207214,
      "std_latency": 17.34771728515625
    },
    "Least Connections": {
      "avg_latency": 176.55322265625,
      "avg_utilization": 0.9037971496582031,
      "std_latency": 14.96180248260498
    },
    "Random": {
      "avg_latency": 198.78607177734375,
      "avg_utilization": 0.8818168640136719,
      "std_latency": 16.5708065032959
    },
    "Weighted RR": {
      "avg_latency": 173.72120666503906,
      "avg_utilization": 0.9209786653518677,
      "std_latency": 5.6981425285339355
    }
  },
  "rl_agent": {
    "avg_latency": 176.3839111328125,
    "avg_utilization": 0.9075859785079956,
    "fairness_index": 0.9994751811027527,
    "p99_latency": 240.0
  },
  "training_curve": {
    "episode_rewards": [
      -50885.9765625,
      -50841.9765625,
      -52070.18359375,
      -49967.42578125,
      -55462.30859375,
      -49927.03125,
      -55340.1953125,
      -58506.52734375,
      -52059.77734375,
      -54839.70703125,
      -53368.734375,
      -55363.05859375,
      -54558.3046875,
      -51267.60546875,
      -52006.546875,
      -53114.734375,
      -51138.39453125,
      -55413.38671875,
      -50446.4375,
      -52369.359375,
      -49379.3125,
      -55377.67578125,
      -52380.9375,
      -50063.66796875,
      -52818.16015625,
      -55717.1171875,
      -51415.8046875,
      -51304.40625,
      -51227.64453125,
      -54976.31640625,
      -51722.14453125,
      -52066.84375,
      -49661.78515625,
      -46959.23046875,
      -51836.484375,
      -51664.87890625,
      -52153.734375,
      -50457.49609375,
      -54359.43359375,
      -52247.08203125,
      -50609.296875,
      -51173.8984375,
      -50652.125,
      -50419.921875,
      -48176.21875,
      -47248.75,
      -47902.375,
      -50813.203125,
      -50187.7265625,
      -47599.484375,
      -48240.7734375,
      -45546.390625,
      -48799.0234375,
      -46198.8359375,
      -44632.6875,
      -51451.3046875,
      -50926.68359375,
      -50788.46484375,
      -44176.2109375,
      -46808.5859375,
      -45642.3984375,
      -42796.42578125,
      -48515.734375,
      -48415.03515625,
      -45619.31640625,
      -42079.83203125,
      -44952.796875,
      -49112.57421875,
      -47377.2734375,
      -41822.11328125,
      -47055.3984375,
      -40453.9140625,
      -42906.83203125,
      -41494.5859375,
      -45952.84375,
      -45246.765625,
      -46986.61328125,
      -43977.546875,
      -41825.546875,
      -42623.31640625,
      -45327.1015625,
      -41549.06640625,
      -44277.2265625,
      -40325.90625,
      -40836.97265625,
      -45354.26171875,
      -43590.98046875,
      -43633.44921875,
      -44546.34765625,
      -42424.4453125,
      -48775.140625,
      -41513.75390625,
      -46862.53125,
      -47435.41796875,
      -50355.77734375,
      -45760.640625,
      -47319.81640625,
      -45491.73828125,
      -47841.10546875,
      -42169.9609375
    ],
    "episode_latencies": [
      254.4298858642578,
      254.20980834960938,
      260.3509521484375,
      249.8372039794922,
      277.3114929199219,
      249.63511657714844,
      276.70098876953125,
      292.5326232910156,
      260.298828125,
      274.19854736328125,
      266.8436584472656,
      276.8152770996094,
      272.79150390625,
      256.3380126953125,
      260.0327453613281,
      265.57366943359375,
      255.6919403076172,
      277.06695556640625,
      252.23214721679688,
      261.8468017578125,
      246.8965606689453,
      276.88836669921875,
      261.9046325683594,
      250.318359375,
      264.09075927734375,
      278.5855712890625,
      257.0790100097656,
      256.52203369140625,
      256.13824462890625,
      274.881591796875,
      258.6107177734375,
      260.334228515625,
      248.30892944335938,
      234.79617309570312,
      259.1824645996094,
      258.3243408203125,
      260.7687072753906,
      252.28746032714844,
      271.79718017578125,
      261.23541259765625,
      253.04647827148438,
      255.86949157714844,
      253.26060485839844,
      252.09962463378906,
      240.88113403320312,
      236.24371337890625,
      239.51181030273438,
      254.06607055664062,
      250.93865966796875,
      237.99742126464844,
      241.20387268066406,
      227.73194885253906,
      243.9950714111328,
      230.9941864013672,
      223.16342163085938,
      257.2565002441406,
      254.6334228515625,
      253.9423370361328,
      220.8810577392578,
      234.04290771484375,
      228.2120361328125,
      213.98216247558594,
      242.5786895751953,
      242.0751495361328,
      228.0965576171875,
      210.39913940429688,
      224.76394653320312,
      245.56285095214844,
      236.88636779785156,
      209.11056518554688,
      235.27703857421875,
      202.26954650878906,
      214.53416442871094,
      207.4729461669922,
      229.76425170898438,
      226.2338104248047,
      234.93304443359375,
      219.8877410888672,
      209.1277313232422,
      213.11656188964844,
      226.63551330566406,
      207.7453155517578,
      221.38609313964844,
      201.62953186035156,
      204.18487548828125,
      226.7712860107422,
      217.95489501953125,
      218.16722106933594,
      222.73171997070312,
      212.1221923828125,
      243.87571716308594,
      207.56875610351562,
      234.3125762939453,
      237.17706298828125,
      251.77886962890625,
      228.80322265625,
      236.5990447998047,
      227.45863342285156,
      239.20550537109375,
      210.84976196289062
    ]
  },
  "best_baseline_ms": 173.72120666503906,
  "rl_agent_ms": 176.3839111328125,
  "improvement": -1.5327457821010517
}